yr,mn,dy,hr,mi,sc,lon,lat,haut,dist
2021,9,28,0,4,43,2.3654609,48.8286197,95.0,0.0
2021,9,28,0,40,43,2.3654609,48.8286197,95.0,0.0
2021,9,28,1,16,43,2.3654609,48.8286197,95.0,0.0
2021,9,28,1,52,43,2.3654609,48.8286197,95.0,0.0
2021,9,28,2,28,43,2.3654609,48.8286197,95.0,0.0
2021,9,28,3,1,57,2.3654525,48.8286019,95.0,0.0020757780419062696
2021,9,28,3,41,40,2.3654525,48.8286019,95.0,0.0
2021,9,28,4,2,42,2.3654047,48.828591499999995,95.0,0.0036890027511390045
2021,9,28,4,38,48,2.3654047,48.828591499999995,95.0,0.0
2021,9,28,5,14,48,2.3654047,48.828591499999995,95.0,0.0
2021,9,28,5,50,48,2.3654047,48.828591499999995,95.0,0.0
2021,9,28,6,26,48,2.3654047,48.828591499999995,95.0,0.0
2021,9,28,6,30,12,2.3654949999999997,48.828608499999994,96.0,0.006882177287078684
2021,9,28,7,0,31,2.3656002,48.8286564,95.0,0.00937379415035778
2021,9,28,7,20,22,2.3655678,48.828655999999995,95.0,0.002374205711583882
2021,9,28,7,31,12,2.3654938,48.8286324,94.0,0.006025483084875853
2021,9,28,7,38,41,2.3654938,48.8286324,94.0,0.0
2021,9,28,7,40,41,2.3654938,48.8286324,94.0,0.0
2021,9,28,7,42,41,2.3654938,48.8286324,94.0,0.0
2021,9,28,7,44,41,2.3654938,48.8286324,94.0,0.0
2021,9,28,7,46,27,2.3655041999999997,48.828645599999994,95.0,0.001654725803813624
2021,9,28,7,48,16,2.3655041999999997,48.828645599999994,95.0,0.0
2021,9,28,8,1,39,2.3654853,48.82862120000001,95.0,0.0030492083910885538
2021,9,28,8,32,7,2.3656162,48.828666600000005,95.0,0.01084258906344355
2021,9,28,8,51,25,2.3656162,48.828666600000005,95.0,0.0
2021,9,28,8,53,25,2.3656162,48.828666600000005,95.0,0.0
2021,9,28,9,13,57,2.3655863999999998,48.828643199999995,95.0,0.003398715313073995
2021,9,28,9,14,13,2.3655554,48.8286543,95.0,0.0025856884227638505
2021,9,28,9,16,16,2.3655554,48.8286543,95.0,0.0
2021,9,28,9,18,16,2.3655554,48.8286543,95.0,0.0
2021,9,28,9,20,16,2.3655554,48.8286543,95.0,0.0
2021,9,28,9,24,25,2.3655554,48.8286543,95.0,0.0
2021,9,28,9,26,25,2.3655554,48.8286543,95.0,0.0
2021,9,28,9,28,25,2.3655554,48.8286543,95.0,0.0
2021,9,28,9,30,25,2.3655554,48.8286543,95.0,0.0
2021,9,28,9,32,25,2.3655554,48.8286543,95.0,0.0
2021,9,28,9,34,25,2.3655554,48.8286543,95.0,0.0
2021,9,28,9,34,56,2.3655554,48.8286543,95.0,0.0
2021,9,28,9,36,25,2.3655554,48.8286543,95.0,0.0
2021,9,28,9,55,0,2.3656364,48.828664599999996,95.0,0.006045906761464858
2021,9,28,10,8,4,2.3656364,48.828664599999996,95.0,0.0
2021,9,28,10,8,25,2.3656364,48.828664599999996,95.0,0.0
2021,9,28,10,9,2,2.3656364,48.828664599999996,95.0,0.0
2021,9,28,10,10,4,2.3656364,48.828664599999996,95.0,0.0
2021,9,28,10,10,23,2.3656364,48.828664599999996,95.0,0.0
2021,9,28,10,12,4,2.3656364,48.828664599999996,95.0,0.0
2021,9,28,10,12,39,2.3656364,48.828664599999996,95.0,0.0
2021,9,28,10,13,58,2.3656364,48.828664599999996,95.0,0.0
2021,9,28,10,15,45,2.3656364,48.828664599999996,95.0,0.0
2021,9,28,10,17,45,2.3656364,48.828664599999996,95.0,0.0
2021,9,28,10,19,39,2.3656364,48.828664599999996,95.0,0.0
2021,9,28,10,19,59,2.3656364,48.828664599999996,95.0,0.0
2021,9,28,10,25,26,2.3655622999999997,48.8286465,94.0,0.0057916656732592475
2021,9,28,10,27,28,2.3655622999999997,48.8286465,94.0,0.0
2021,9,28,10,29,28,2.3655622999999997,48.8286465,94.0,0.0
2021,9,28,10,31,28,2.3655622999999997,48.8286465,94.0,0.0
2021,9,28,10,33,28,2.3655622999999997,48.8286465,94.0,0.0
2021,9,28,10,35,28,2.3655622999999997,48.8286465,94.0,0.0
2021,9,28,10,37,28,2.3655622999999997,48.8286465,94.0,0.0
2021,9,28,10,39,28,2.3655622999999997,48.8286465,94.0,0.0
2021,9,28,10,45,31,2.3655622999999997,48.8286465,94.0,0.0
2021,9,28,11,45,43,2.3655622999999997,48.8286465,94.0,0.0
2021,9,28,12,11,15,2.3655622999999997,48.8286465,94.0,0.0
2021,9,28,12,55,42,2.3656145000000004,48.8286726,95.0,0.004803929727288006
2021,9,28,12,57,49,2.3656186999999997,48.8286464,95.0,0.002933016827444253
2021,9,28,12,59,49,2.3656186999999997,48.8286464,95.0,0.0
2021,9,28,13,1,49,2.3656186999999997,48.8286464,95.0,0.0
2021,9,28,13,3,49,2.3656186999999997,48.8286464,95.0,0.0
2021,9,28,13,5,49,2.3656186999999997,48.8286464,95.0,0.0
2021,9,28,13,7,49,2.3656186999999997,48.8286464,95.0,0.0
2021,9,28,13,9,49,2.3656186999999997,48.8286464,95.0,0.0
2021,9,28,13,15,53,2.365474,48.828640899999996,95.0,0.010621202595502399
2021,9,28,13,29,39,2.365474,48.828640899999996,95.0,0.0
2021,9,28,13,31,39,2.365474,48.828640899999996,95.0,0.0
2021,9,28,13,36,50,2.3655011999999997,48.828617699999995,95.0,0.0032617797734336455
2021,9,28,13,58,1,2.3654775999999997,48.8286059,95.0,0.0021716080338984815
2021,9,28,14,0,26,2.3654775999999997,48.8286059,95.0,0.0
2021,9,28,14,2,26,2.3654775999999997,48.8286059,95.0,0.0
2021,9,28,14,4,26,2.3654775999999997,48.8286059,95.0,0.0
2021,9,28,14,6,26,2.3654775999999997,48.8286059,95.0,0.0
2021,9,28,14,8,27,2.3654775999999997,48.8286059,95.0,0.0
2021,9,28,14,9,49,2.3654775999999997,48.8286059,95.0,0.0
2021,9,28,14,10,27,2.3654775999999997,48.8286059,95.0,0.0
2021,9,28,15,5,46,2.3654775999999997,48.8286059,95.0,0.0
2021,9,28,15,11,19,2.3654775999999997,48.8286059,95.0,0.0
2021,9,28,15,13,23,2.3655752999999997,48.828617799999996,95.0,0.007280970451726372
2021,9,28,16,4,14,2.3655752999999997,48.828617799999996,95.0,0.0
2021,9,28,16,31,45,2.3655752999999997,48.828617799999996,95.0,0.0
2021,9,28,16,32,13,2.3656619,48.828675,95.0,0.008989950479291017
2021,9,28,16,34,14,2.3656619,48.828675,95.0,0.0
2021,9,28,16,36,14,2.3656619,48.828675,95.0,0.0
2021,9,28,16,36,42,2.3656284,48.8286545,95.0,0.0033526208752725738
2021,9,28,16,38,44,2.3656284,48.8286545,95.0,0.0
2021,9,28,16,40,44,2.3656284,48.8286545,95.0,0.0
2021,9,28,16,42,44,2.3656284,48.8286545,95.0,0.0
2021,9,28,16,44,44,2.3656284,48.8286545,95.0,0.0
2021,9,28,17,2,8,2.3656284,48.8286545,95.0,0.0
2021,9,28,17,2,36,2.3656173000000003,48.8286684,95.0,0.0017479035291191136
2021,9,28,17,3,22,2.3656173000000003,48.8286684,95.0,0.0
2021,9,28,17,4,38,2.3656173000000003,48.8286684,95.0,0.0
2021,9,28,17,9,51,2.3656173000000003,48.8286684,95.0,0.0
2021,9,28,17,11,51,2.3656173000000003,48.8286684,95.0,0.0
2021,9,28,17,13,51,2.3656173000000003,48.8286684,95.0,0.0
2021,9,28,17,15,51,2.3656173000000003,48.8286684,95.0,0.0
2021,9,28,17,17,52,2.3656173000000003,48.8286684,95.0,0.0
2021,9,28,17,19,52,2.3656173000000003,48.8286684,95.0,0.0
2021,9,28,17,20,15,2.3655713,48.8286598,95.0,0.003503715200034574
2021,9,28,17,22,17,2.3655713,48.8286598,95.0,0.0
2021,9,28,17,24,17,2.3655713,48.8286598,95.0,0.0
2021,9,28,17,26,17,2.3655713,48.8286598,95.0,0.0
2021,9,28,17,28,17,2.3655713,48.8286598,95.0,0.0
2021,9,28,17,30,17,2.3655713,48.8286598,95.0,0.0
2021,9,28,17,32,17,2.3655713,48.8286598,95.0,0.0
2021,9,28,17,32,41,2.3655713,48.8286598,95.0,0.0
2021,9,28,17,34,14,2.3655713,48.8286598,95.0,0.0
2021,9,28,17,36,17,2.3655713,48.8286598,95.0,0.0
2021,9,28,17,38,17,2.3655713,48.8286598,95.0,0.0
2021,9,28,17,40,17,2.3655713,48.8286598,95.0,0.0
2021,9,28,17,42,17,2.3655713,48.8286598,95.0,0.0
2021,9,28,17,43,46,2.3655713,48.8286598,95.0,0.0
2021,9,28,17,44,17,2.3655713,48.8286598,95.0,0.0
2021,9,28,18,2,16,2.365536,48.828637699999994,95.0,0.0035695438179945667
2021,9,28,18,20,59,2.365536,48.828637699999994,95.0,0.0
2021,9,28,18,22,59,2.365536,48.828637699999994,95.0,0.0
2021,9,28,18,23,20,2.365536,48.828637699999994,95.0,0.0
2021,9,28,18,24,59,2.365536,48.828637699999994,95.0,0.0
2021,9,28,18,49,41,2.3654999,48.828629199999995,95.0,0.0028095050595269722
2021,9,28,19,10,44,2.365482,48.8286199,95.0,0.0016724964972247192
2021,9,28,19,27,56,2.365482,48.8286199,95.0,0.0
2021,9,28,19,29,56,2.365482,48.8286199,95.0,0.0
2021,9,28,19,31,56,2.365482,48.8286199,95.0,0.0
2021,9,28,19,33,56,2.365482,48.8286199,95.0,0.0
2021,9,28,19,35,56,2.365482,48.8286199,95.0,0.0
2021,9,28,19,37,56,2.365482,48.8286199,95.0,0.0
2021,9,28,19,38,20,2.365482,48.8286199,95.0,0.0
2021,9,28,19,39,56,2.365482,48.8286199,95.0,0.0
2021,9,28,19,48,13,2.3654143,48.8286108,96.0,0.005063991038281447
2021,9,28,20,0,32,2.3654143,48.8286108,96.0,0.0
2021,9,28,20,1,39,2.3654143,48.8286108,96.0,0.0
2021,9,28,20,2,32,2.3654143,48.8286108,96.0,0.0
2021,9,28,20,4,32,2.3654143,48.8286108,96.0,0.0
2021,9,28,20,6,32,2.3654143,48.8286108,96.0,0.0
2021,9,28,20,8,32,2.3654143,48.8286108,96.0,0.0
2021,9,28,20,10,32,2.3654143,48.8286108,96.0,0.0
2021,9,28,20,12,32,2.3654143,48.8286108,96.0,0.0
2021,9,28,20,14,32,2.3654143,48.8286108,96.0,0.0
2021,9,28,20,16,32,2.3654143,48.8286108,96.0,0.0
2021,9,28,20,18,20,2.3654143,48.8286108,96.0,0.0
2021,9,28,20,25,48,2.3655768999999998,48.8286628,95.0,0.013247374362219684
2021,9,28,20,52,48,2.3655768999999998,48.8286628,95.0,0.0
2021,9,28,20,54,48,2.3655768999999998,48.8286628,95.0,0.0
2021,9,28,20,58,15,2.3654851999999997,48.828605599999996,94.0,0.009257672813029631
2021,9,28,21,34,17,2.3654851999999997,48.828605599999996,94.0,0.0
2021,9,28,22,10,17,2.3654851999999997,48.828605599999996,94.0,0.0
2021,9,28,22,46,17,2.3654851999999997,48.828605599999996,94.0,0.0
2021,9,28,23,22,17,2.3654851999999997,48.828605599999996,94.0,0.0
2021,9,28,23,58,17,2.3654851999999997,48.828605599999996,94.0,0.0
2021,9,29,0,35,1,2.3654851999999997,48.828605599999996,94.0,0.0
2021,9,29,0,36,57,2.3655539,48.8286251,96.0,0.005482817277318204
2021,9,29,1,24,54,2.3654854,48.8286045,95.0,0.005518558410443651
2021,9,29,2,2,16,2.3654854,48.8286045,95.0,0.0
2021,9,29,2,38,24,2.3654854,48.8286045,95.0,0.0
2021,9,29,3,14,24,2.3654854,48.8286045,95.0,0.0
2021,9,29,3,50,44,2.3654854,48.8286045,95.0,0.0
2021,9,29,4,26,44,2.3654854,48.8286045,95.0,0.0
2021,9,29,5,2,44,2.3654854,48.8286045,95.0,0.0
2021,9,29,5,38,45,2.3654854,48.8286045,95.0,0.0
2021,9,29,6,17,14,2.3654854,48.8286045,95.0,0.0
2021,9,29,6,50,0,2.3654241,48.8285872,95.0,0.004887900068526956
2021,9,29,7,26,3,2.3654241,48.8285872,95.0,0.0
2021,9,29,7,44,46,2.3654588,48.8286151,95.0,0.00401415937696942
2021,9,29,7,56,25,2.3654588,48.8286151,95.0,0.0
2021,9,29,7,57,46,2.3654588,48.8286151,95.0,0.0
2021,9,29,7,58,25,2.3654588,48.8286151,95.0,0.0
2021,9,29,8,17,34,2.3654588,48.8286151,95.0,0.0
2021,9,29,8,19,34,2.3654588,48.8286151,95.0,0.0
2021,9,29,8,20,52,2.3654588,48.8286151,95.0,0.0
2021,9,29,8,34,33,2.3654588,48.8286151,95.0,0.0
2021,9,29,8,44,42,2.3654588,48.8286151,95.0,0.0
2021,9,29,8,45,0,2.3654588,48.8286151,95.0,0.0
2021,9,29,8,46,42,2.3654588,48.8286151,95.0,0.0
2021,9,29,9,22,43,2.3654588,48.8286151,95.0,0.0
2021,9,29,9,25,38,2.3654588,48.8286151,95.0,0.0
2021,9,29,9,27,38,2.3654588,48.8286151,95.0,0.0
2021,9,29,9,27,56,2.3654588,48.8286151,95.0,0.0
2021,9,29,9,32,13,2.3654588,48.8286151,95.0,0.0
2021,9,29,9,34,13,2.3654588,48.8286151,95.0,0.0
2021,9,29,9,36,13,2.3654588,48.8286151,95.0,0.0
2021,9,29,9,38,13,2.3654588,48.8286151,95.0,0.0
2021,9,29,9,40,13,2.3654588,48.8286151,95.0,0.0
2021,9,29,9,42,13,2.3654588,48.8286151,95.0,0.0
2021,9,29,9,42,54,2.3654588,48.8286151,95.0,0.0
2021,9,29,9,43,33,2.3654588,48.8286151,95.0,0.0
2021,9,29,9,44,13,2.3654588,48.8286151,95.0,0.0
2021,9,29,10,10,41,2.3654924,48.8286172,93.0,0.002473405759728481
2021,9,29,10,19,40,2.3654924,48.8286172,93.0,0.0
2021,9,29,10,21,49,2.3654481,48.8285936,95.0,0.00417596154960094
2021,9,29,10,24,17,2.3654481,48.8285936,95.0,0.0
2021,9,29,10,25,38,2.3654481,48.8285936,95.0,0.0
2021,9,29,10,26,17,2.3654481,48.8285936,95.0,0.0
2021,9,29,10,28,8,2.3654481,48.8285936,95.0,0.0
2021,9,29,10,37,38,2.3654481,48.8285936,95.0,0.0
2021,9,29,10,38,36,2.3654481,48.8285936,95.0,0.0
2021,9,29,10,38,57,2.3654481,48.8285936,95.0,0.0
2021,9,29,10,46,41,2.3654481,48.8285936,95.0,0.0
2021,9,29,10,47,2,2.3654481,48.8285936,95.0,0.0
2021,9,29,10,48,41,2.3654481,48.8285936,95.0,0.0
2021,9,29,10,52,14,2.3656142,48.8286522,95.0,0.013809837974375504
2021,9,29,10,54,38,2.3655739,48.828644100000005,95.0,0.0030877814143382034
2021,9,29,10,57,8,2.3659532,48.828634799999996,102.0,0.02781504123224176
2021,9,29,10,59,8,2.3659532,48.828634799999996,102.0,0.0
2021,9,29,11,1,8,2.3659532,48.828634799999996,102.0,0.0
2021,9,29,11,3,8,2.3659532,48.828634799999996,102.0,0.0
2021,9,29,11,5,8,2.3659532,48.828634799999996,102.0,0.0
2021,9,29,11,6,42,2.3659532,48.828634799999996,102.0,0.0
2021,9,29,11,7,8,2.3659532,48.828634799999996,102.0,0.0
2021,9,29,11,9,31,2.3659532,48.828634799999996,102.0,0.0
2021,9,29,11,12,2,2.3659532,48.828634799999996,102.0,0.0
2021,9,29,11,12,47,2.3653089,48.8287549,102.0,0.0490715143360465
2021,9,29,11,23,3,2.3548723,48.8311135,103.0,0.8086024214873031
2021,9,29,11,23,30,2.3504126999999997,48.829986700000006,103.0,0.35003917218427344
2021,9,29,11,25,30,2.3408111,48.831763900000006,103.0,0.7308724680658567
2021,9,29,11,28,10,2.3408111,48.831763900000006,103.0,0.0
2021,9,29,11,28,26,2.3306788,48.8387976,103.0,1.0789899295897019
2021,9,29,11,28,41,2.3307059,48.8388132,103.0,0.0026383825508935884
2021,9,29,11,32,19,2.3128639,48.8425872,103.0,1.3730249460729727
2021,9,29,11,34,19,2.3035878000000003,48.847342499999996,102.0,0.861387926762284
2021,9,29,11,35,47,2.2986817999999998,48.8489091,102.0,0.3994560715757527
2021,9,29,11,36,2,2.2966566999999998,48.849509499999996,94.0,0.16270245132786668
2021,9,29,11,39,17,2.2856813,48.8575672,92.0,1.2044845146715668
2021,9,29,11,39,32,2.2858752,48.8576349,84.0,0.016076949446535323
2021,9,29,11,39,48,2.2859143,48.8575064,91.0,0.014588112349670727
2021,9,29,11,40,19,2.2860338,48.8572863,83.0,0.026017173694486213
2021,9,29,11,40,26,2.2861229,48.857369399999996,86.0,0.011320688430378993
2021,9,29,11,40,41,2.2860904,48.8574079,88.0,0.004901908353996162
2021,9,29,11,40,56,2.2861452,48.857420999999995,90.0,0.004269870604216728
2021,9,29,11,41,11,2.2860264,48.8574189,93.0,0.008703985820831928
2021,9,29,11,41,27,2.2859268999999998,48.8575716,91.0,0.01849426269419884
2021,9,29,11,41,45,2.2857247000000003,48.8576243,90.0,0.015928579489317432
2021,9,29,11,42,0,2.2855947000000003,48.857821099999995,90.0,0.02388675786813131
2021,9,29,11,42,16,2.2854229999999998,48.8579814,89.0,0.02182995917071518
2021,9,29,11,42,31,2.28526,48.858109,89.0,0.018554544354317876
2021,9,29,11,43,6,2.2852962,48.858151799999995,89.0,0.005452402889249201
2021,9,29,11,43,37,2.2845848,48.858366,92.0,0.05729856252056885
2021,9,29,11,43,52,2.2844471,48.8583717,91.0,0.010105103023609396
2021,9,29,11,44,23,2.2842889,48.858371,87.0,0.011586605772791326
2021,9,29,11,44,39,2.2842737,48.8583101,88.0,0.006870001191239904
2021,9,29,11,44,55,2.2843161,48.8584465,88.0,0.015497995729950167
2021,9,29,11,47,8,2.2843161,48.8584465,88.0,0.0
2021,9,29,11,47,48,2.2803883,48.860496999999995,88.0,0.367216298830373
2021,9,29,11,49,25,2.2819738,48.8598735,88.0,0.1352768995432966
2021,9,29,11,51,26,2.2820035,48.8598368,88.0,0.004628469909459638
2021,9,29,12,5,53,2.2819615,48.8598177,89.0,0.0037386525025725715
2021,9,29,12,6,33,2.2819836,48.859830599999995,89.0,0.0021630663283564605
2021,9,29,12,57,29,2.2819836,48.859830599999995,89.0,0.0
2021,9,29,13,30,35,2.2819836,48.859830599999995,89.0,0.0
2021,9,29,13,53,25,2.2821146,48.8601684,90.0,0.03880750152986572
2021,9,29,14,28,3,2.2821146,48.8601684,90.0,0.0
2021,9,29,14,30,19,2.2819384,48.8598247,88.0,0.04037721243152852
2021,9,29,15,5,34,2.2819384,48.8598247,88.0,0.0
2021,9,29,15,8,47,2.2819564,48.8598305,88.0,0.001466752736615186
2021,9,29,15,21,29,2.2819564,48.8598305,88.0,0.0
2021,9,29,15,43,1,2.2819564,48.8598305,88.0,0.0
2021,9,29,15,43,18,2.2819948,48.859879500000005,87.0,0.006136959978823896
2021,9,29,16,20,7,2.2819504,48.859833099999996,89.0,0.0061035776753953766
2021,9,29,16,20,52,2.2819678999999997,48.8598243,89.0,0.0016122916775913008
2021,9,29,16,22,53,2.2819678999999997,48.8598243,89.0,0.0
2021,9,29,16,29,1,2.2819678999999997,48.8598243,89.0,0.0
2021,9,29,17,19,57,2.2819678999999997,48.8598243,89.0,0.0
2021,9,29,17,24,47,2.2819678999999997,48.8598243,89.0,0.0
2021,9,29,17,29,8,2.2819572999999997,48.8598207,88.0,0.0008744516707404717
2021,9,29,17,32,27,2.2819572999999997,48.8598207,88.0,0.0
2021,9,29,17,37,38,2.2851629,48.8581243,87.0,0.3012912254897091
2021,9,29,17,39,38,2.2856045,48.857745,87.0,0.05318615599879067
2021,9,29,17,42,43,2.28972,48.858739199999995,87.0,0.32108769183966696
2021,9,29,17,44,44,2.2893489,48.862837299999995,87.0,0.45699742842868557
2021,9,29,17,46,52,2.2730875000000004,48.8726954,87.0,1.6192802755730125
2021,9,29,17,49,0,2.2951234,48.8745678,87.0,1.6267816294150337
2021,9,29,17,51,0,2.2939889,48.8728109,87.0,0.21248126032708214
2021,9,29,17,51,43,2.2951414,48.8749371,87.0,0.25127408265756185
2021,9,29,17,51,57,2.2954206,48.874717399999994,108.0,0.03187417458401312
2021,9,29,17,52,9,2.2953994000000004,48.8746788,108.0,0.004568728647279724
2021,9,29,17,52,11,2.2954087999999997,48.8746778,106.0,0.0006941287877230343
2021,9,29,17,52,27,2.2955943999999997,48.87482550000001,103.0,0.021330067588796863
2021,9,29,17,52,59,2.2958171,48.8746526,97.0,0.02522460109961187
2021,9,29,17,53,15,2.2960236,48.87458780000001,101.0,0.01675152107747313
2021,9,29,17,53,30,2.2962469,48.8745443,101.0,0.017050859434536072
2021,9,29,17,55,16,2.29617,48.873402299999995,101.0,0.1272487561477235
2021,9,29,17,55,31,2.2964061,48.8739623,104.0,0.0646899361088587
2021,9,29,17,55,46,2.2966843,48.873992199999996,105.0,0.02063855550780887
2021,9,29,17,56,17,2.2966461,48.8740022,105.0,0.0030099944089536108
2021,9,29,17,56,33,2.2966953,48.8738366,106.0,0.018782683409923628
2021,9,29,17,57,3,2.2967543999999998,48.873517799999995,104.0,0.035750687066317996
2021,9,29,17,57,18,2.2968412,48.8734432,104.0,0.010457104683174347
2021,9,29,17,59,39,2.298914,48.8728153,104.0,0.16708520850598838
2021,9,29,18,0,52,2.2989987999999997,48.8727683,104.0,0.008118921833366481
2021,9,29,18,1,19,2.2992624,48.8726882,122.0,0.021260194747231058
2021,9,29,18,1,34,2.2997321,48.8726924,107.0,0.03439319051784534
2021,9,29,18,1,49,2.2999658,48.8728692,112.0,0.02607897098128403
2021,9,29,18,2,6,2.3002835999999998,48.8727065,112.0,0.029486130127530843
2021,9,29,18,7,44,2.3008880000000005,48.8701161,112.0,0.2917318179365531
2021,9,29,18,9,45,2.3019556,48.8697622,112.0,0.08753663210019062
2021,9,29,18,11,45,2.3021165,48.8697497,112.0,0.01186303617881399
2021,9,29,18,13,25,2.302048,48.869659999999996,112.0,0.011173954761238145
2021,9,29,18,15,38,2.3020073,48.869602699999994,112.0,0.0070400040774931056
2021,9,29,18,23,19,2.3020822,48.8697503,111.0,0.017321421801360454
2021,9,29,18,37,8,2.3029636,48.8695373,112.0,0.06875520451614733
2021,9,29,19,17,49,2.3029636,48.8695373,112.0,0.0
2021,9,29,19,18,42,2.3029743,48.8695139,114.0,0.002719742391306551
2021,9,29,19,38,5,2.3029743,48.8695139,114.0,0.0
2021,9,29,19,42,36,2.3029694,48.8695168,115.0,0.00048719354281486
2021,9,29,19,44,37,2.3030025999999997,48.869402799999996,115.0,0.012920912351844154
2021,9,29,19,49,31,2.3021154999999998,48.869731699999996,115.0,0.0745627013498836
2021,9,29,19,50,27,2.3020807,48.869748099999995,115.0,0.003134373070755081
2021,9,29,19,51,7,2.3020242,48.8695892,115.0,0.018165658498627744
2021,9,29,19,51,47,2.3020426,48.8695904,115.0,0.0013532985764224167
2021,9,29,19,52,27,2.3020744,48.8697424,115.0,0.01707967991645708
2021,9,29,19,54,32,2.3020594,48.8696665,115.0,0.008520073462885448
2021,9,29,19,56,33,2.3020315,48.869622,115.0,0.0053586567405433235
2021,9,29,19,58,34,2.3020161,48.8696,115.0,0.002695871784011037
2021,9,29,20,0,35,2.3020261,48.869600399999996,115.0,0.0007317155068066169
2021,9,29,20,2,36,2.3020167,48.8696045,115.0,0.000825000789294327
2021,9,29,20,4,38,2.3020438,48.8696207,115.0,0.0026816146054470273
2021,9,29,20,6,39,2.3020115,48.8696018,114.0,0.0031651863471654483
2021,9,29,20,8,40,2.3020301,48.869614,114.0,0.0019232719621966087
2021,9,29,20,10,41,2.3020674,48.8696728,114.0,0.007092375820644457
2021,9,29,20,12,42,2.3020224,48.869583,114.0,0.010525373628822386
2021,9,29,20,14,43,2.3020869999999998,48.869726299999996,114.0,0.01663818036172024
2021,9,29,20,16,44,2.3020714000000004,48.8697388,114.0,0.001799514949308969
2021,9,29,20,18,45,2.3020999,48.869742699999996,114.0,0.0021314935580201947
2021,9,29,20,19,54,2.3020459,48.8696826,114.0,0.0077709997975293444
2021,9,29,20,21,58,2.3020500999999998,48.869653899999996,114.0,0.0032094468331821074
2021,9,29,20,23,59,2.3021213,48.8697419,114.0,0.011096944886742855
2021,9,29,20,26,0,2.3020353,48.8697478,114.0,0.006331252469714627
2021,9,29,20,28,7,2.3020970999999997,48.86973520000001,114.0,0.004737862196233296
2021,9,29,20,40,47,2.3006378,48.871792899999996,113.0,0.25275300414549823
2021,9,29,20,42,51,2.3136693999999998,48.867600499999995,113.0,1.0622050332376647
2021,9,29,20,43,32,2.2520601,48.8875112,113.0,5.0255617358842715
2021,9,29,20,44,12,2.2520601,48.8875112,113.0,0.0
2021,9,29,20,44,52,2.3243937,48.8662084,113.0,5.80231818381806
2021,9,29,20,46,53,2.3266434,48.8649846,113.0,0.21377039509222323
2021,9,29,20,48,54,2.3258619,48.8652336,113.0,0.06358704278587905
2021,9,29,20,50,54,2.3520898,48.8571721,113.0,2.120060764532413
2021,9,29,20,54,14,2.3838112,48.837331000000006,113.0,3.2059113121299743
2021,9,29,20,56,33,2.3709835,48.8435718,113.0,1.1687023123775113
2021,9,29,20,57,53,2.385678,48.8344616,113.0,1.4790319847691522
2021,9,29,20,58,33,2.385678,48.8344616,113.0,0.0
2021,9,29,20,59,13,2.3820574999999997,48.837367199999996,113.0,0.41831490758282097
2021,9,29,21,1,14,2.3804339999999997,48.8263923,113.0,1.227472588908874
2021,9,29,21,3,15,2.3764811,48.829762599999995,115.0,0.4739907860551654
2021,9,29,21,5,17,2.3662836,48.8269162,115.0,0.8116910679388148
2021,9,29,21,7,16,2.3661472999999997,48.8269874,114.0,0.012751175443456905
2021,9,29,21,15,1,2.3645714,48.829862999999996,114.0,0.340298358561063
2021,9,29,21,15,37,2.3654436,48.8285998,115.0,0.1544602350811974
2021,9,29,21,17,38,2.3655412,48.8286466,115.0,0.008848573274652903
2021,9,29,21,19,40,2.365542,48.8286307,115.0,0.0017714968975265602
2021,9,29,21,21,41,2.3655866,48.828655399999995,115.0,0.004271164870996451
2021,9,29,21,23,42,2.3655105,48.828636599999996,115.0,0.005956621553883736
2021,9,29,21,25,42,2.3655105,48.828636599999996,115.0,0.0
2021,9,29,21,29,20,2.3655105,48.828636599999996,115.0,0.0
2021,9,29,21,31,20,2.3655105,48.828636599999996,115.0,0.0
2021,9,29,21,33,20,2.3655105,48.828636599999996,115.0,0.0
2021,9,29,21,35,20,2.3655105,48.828636599999996,115.0,0.0
2021,9,29,21,46,18,2.3655105,48.828636599999996,115.0,0.0
2021,9,29,22,15,57,2.3655105,48.828636599999996,115.0,0.0
2021,9,29,22,17,22,2.3655443,48.828582499999996,118.0,0.0065114973767260356
2021,9,29,22,19,24,2.3655443,48.828582499999996,118.0,0.0
2021,9,29,22,21,24,2.3655443,48.828582499999996,118.0,0.0
2021,9,29,22,23,24,2.3655443,48.828582499999996,118.0,0.0
2021,9,29,22,25,24,2.3655443,48.828582499999996,118.0,0.0
2021,9,29,22,27,24,2.3655443,48.828582499999996,118.0,0.0
2021,9,29,22,29,24,2.3655443,48.828582499999996,118.0,0.0
2021,9,29,22,31,24,2.3655443,48.828582499999996,118.0,0.0
2021,9,29,22,33,24,2.3655443,48.828582499999996,118.0,0.0
2021,9,29,22,35,24,2.3655443,48.828582499999996,118.0,0.0
2021,9,29,22,36,17,2.3654607,48.828606099999995,117.0,0.006665807361538864
2021,9,29,22,36,52,2.3654075,48.8285859,117.0,0.004500908968023644
2021,9,29,22,38,53,2.3654075,48.8285859,117.0,0.0
2021,9,29,22,40,53,2.3654075,48.8285859,117.0,0.0
2021,9,29,22,42,53,2.3654075,48.8285859,117.0,0.0
2021,9,29,22,44,53,2.3654075,48.8285859,117.0,0.0
2021,9,29,22,46,53,2.3654075,48.8285859,117.0,0.0
2021,9,29,22,47,42,2.3654075,48.8285859,117.0,0.0
2021,9,29,22,48,54,2.3654075,48.8285859,117.0,0.0
2021,9,29,22,54,27,2.3654908999999997,48.8286309,117.0,0.007902177485517654
2021,9,29,23,30,29,2.3654908999999997,48.8286309,117.0,0.0
2021,9,30,0,7,24,2.3654908999999997,48.8286309,117.0,0.0
2021,9,30,0,20,28,2.3655663,48.8286502,119.0,0.005928294712742072
2021,9,30,0,56,29,2.3655663,48.8286502,119.0,0.0
2021,9,30,1,33,24,2.3654843999999997,48.8286099,95.0,0.007493034237093734
2021,9,30,2,13,40,2.3654843999999997,48.8286099,95.0,0.0
2021,9,30,2,49,40,2.3654843999999997,48.8286099,95.0,0.0
2021,9,30,3,25,40,2.3654843999999997,48.8286099,95.0,0.0
2021,9,30,4,2,37,2.3654843999999997,48.8286099,95.0,0.0
2021,9,30,4,41,5,2.3654843999999997,48.8286099,95.0,0.0
2021,9,30,5,19,11,2.3654843999999997,48.8286099,95.0,0.0
2021,9,30,5,55,11,2.3654843999999997,48.8286099,95.0,0.0
2021,9,30,6,0,58,2.3654843999999997,48.8286099,95.0,0.0
2021,9,30,6,3,4,2.3655204999999997,48.8286351,94.0,0.003855701281402835
2021,9,30,6,5,4,2.3655204999999997,48.8286351,94.0,0.0
2021,9,30,6,7,4,2.3655204999999997,48.8286351,94.0,0.0
2021,9,30,6,9,4,2.3655204999999997,48.8286351,94.0,0.0
2021,9,30,6,11,4,2.3655204999999997,48.8286351,94.0,0.0
2021,9,30,6,12,17,2.3655204999999997,48.8286351,94.0,0.0
2021,9,30,6,13,4,2.3655204999999997,48.8286351,94.0,0.0
2021,9,30,6,49,4,2.3655204999999997,48.8286351,94.0,0.0
2021,9,30,6,56,37,2.3654364,48.828589699999995,94.0,0.00797033637570117
2021,9,30,7,16,37,2.3654748,48.8286168,94.0,0.004125990657953143
2021,9,30,7,17,34,2.3654748,48.8286168,94.0,0.0
2021,9,30,7,45,15,2.3654748,48.8286168,94.0,0.0
2021,9,30,7,49,34,2.3654748,48.8286168,94.0,0.0
2021,9,30,7,51,34,2.3654748,48.8286168,94.0,0.0
2021,9,30,7,57,46,2.3654748,48.8286168,94.0,0.0
2021,9,30,7,58,30,2.3643098,48.8267233,94.0,0.22741280489257618
2021,9,30,7,59,10,2.3654024,48.8288302,96.0,0.247824958021115
2021,9,30,7,59,50,2.3649768,48.8286089,95.0,0.039744004051309983
2021,9,30,8,15,7,2.3586918,48.821975599999995,86.0,0.870282279363815
2021,9,30,8,15,53,2.3587038,48.821976299999996,86.0,0.0008856107743521098
2021,9,30,8,16,33,2.363337,48.8066193,86.0,1.7429068210643874
2021,9,30,8,17,13,2.3632063999999997,48.805050099999995,86.0,0.17494101165675707
2021,9,30,8,19,14,2.3656258,48.7961989,86.0,1.0011322110792036
2021,9,30,9,32,16,2.3687202,48.789847599999995,145.0,0.7425328287826981
2021,9,30,9,32,59,2.3687274,48.7898522,145.0,0.0007350523486193745
2021,9,30,9,33,39,2.3687652999999997,48.7898224,145.0,0.004327703226464245
2021,9,30,10,24,25,2.3687652999999997,48.7898224,145.0,0.0
2021,9,30,10,45,7,2.3669577,48.791142699999995,145.0,0.1979244971358596
2021,9,30,10,57,57,2.3700313,48.791990299999995,147.0,0.24435556469309108
2021,9,30,10,59,58,2.3700288,48.791987,147.0,0.0004132430229663682
2021,9,30,11,32,46,2.3700316999999997,48.79199070000001,146.0,0.00046761152067953583
2021,9,30,11,37,22,2.3700296,48.7919876,147.0,0.0003754252394256813
2021,9,30,11,39,25,2.3700231,48.7919893,146.0,0.0005133247722355621
2021,9,30,11,43,9,2.3700231,48.7919893,146.0,0.0
2021,9,30,11,47,50,2.3700231,48.7919893,146.0,0.0
2021,9,30,11,50,55,2.3700231,48.7919893,146.0,0.0
2021,9,30,11,53,5,2.3700231,48.7919893,146.0,0.0
2021,9,30,11,57,16,2.3655052,48.7905438,146.0,0.3683316827900217
2021,9,30,12,16,46,2.3609652999999997,48.7865511,146.0,0.5553388548678744
2021,9,30,12,17,26,2.3635105,48.7890694,145.0,0.3367933998374194
2021,9,30,12,18,6,2.3635528,48.7890641,145.0,0.0031587191159874353
2021,9,30,12,19,4,2.3634706,48.789120399999995,146.0,0.008695859587590591
2021,9,30,13,49,10,2.3635291,48.7890762,145.0,0.0065279921001558374
2021,9,30,13,55,4,2.3634899,48.7892863,150.0,0.023563689220181185
2021,9,30,14,37,20,2.3635107,48.7890576,145.0,0.025503897531068583
2021,9,30,14,38,0,2.3635199,48.789089399999995,146.0,0.0036031807947341263
2021,9,30,14,48,48,2.3635164,48.7890564,145.0,0.003682559742232579
2021,9,30,15,7,39,2.3638031,48.7892346,145.0,0.028906776364383154
2021,9,30,17,40,2,2.3637089,48.789052899999994,146.0,0.02137361121066698
2021,9,30,17,40,44,2.3638193000000003,48.788937399999995,145.0,0.015194141454014598
2021,9,30,17,41,25,2.3637406999999997,48.788981899999996,145.0,0.007600603348115072
2021,9,30,17,52,21,2.3637383,48.789063,146.0,0.009029499102754092
2021,9,30,17,54,22,2.3637064,48.7890193,146.0,0.005398006760165721
2021,9,30,17,56,23,2.3638078,48.7887761,145.0,0.02807514122705133
2021,9,30,17,57,54,2.3648143999999998,48.7885271,144.0,0.07885603844018359
2021,9,30,17,58,34,2.3655144,48.788547200000004,144.0,0.05138683313947388
2021,9,30,18,0,35,2.3656123,48.788435299999996,143.0,0.01437757904915012
2021,9,30,18,9,5,2.3672391999999998,48.786108399999996,143.0,0.2851851974780085
2021,9,30,18,11,6,2.3684201,48.7876556,143.0,0.192780816558442
2021,9,30,18,13,13,2.3656258,48.7961989,143.0,0.9728425764211521
2021,9,30,18,15,14,2.3610051999999997,48.8123261,143.0,1.8269172493913048
2021,9,30,18,17,15,2.3587031,48.8219773,86.0,1.0875143091263353
2021,9,30,18,19,16,2.3587031,48.8219773,86.0,0.0
2021,9,30,18,21,16,2.357369,48.8262286,99.0,0.48323706292004664
2021,9,30,18,25,54,2.3611431,48.82630270000001,98.0,0.27670788299417765
2021,9,30,18,27,57,2.3630809999999998,48.8265726,96.0,0.14516173607023347
2021,9,30,18,31,6,2.3646510999999997,48.827922699999995,94.0,0.18927817366371155
2021,9,30,18,36,35,2.3655877999999997,48.8285693,96.0,0.09946197279287172
2021,9,30,18,37,27,2.3656183,48.8286625,94.0,0.01061256210212056
2021,9,30,18,39,47,2.3656183,48.8286625,94.0,0.0
2021,9,30,18,41,47,2.3656183,48.8286625,94.0,0.0
2021,9,30,18,43,47,2.3656183,48.8286625,94.0,0.0
2021,9,30,18,45,47,2.3656183,48.8286625,94.0,0.0
2021,9,30,18,47,47,2.3656183,48.8286625,94.0,0.0
2021,9,30,18,49,39,2.3655255,48.828601199999994,95.0,0.009633711628839558
2021,9,30,18,50,11,2.3656142,48.8286771,95.0,0.010659881885417008
2021,9,30,18,54,32,2.3656142,48.8286771,95.0,0.0
2021,9,30,18,56,57,2.3656142,48.8286771,95.0,0.0
2021,9,30,19,0,58,2.3656142,48.8286771,95.0,0.0
2021,9,30,19,2,58,2.3656142,48.8286771,95.0,0.0
2021,9,30,19,4,3,2.3656142,48.8286771,95.0,0.0
2021,9,30,19,4,58,2.3656142,48.8286771,95.0,0.0
2021,9,30,19,8,17,2.3656522,48.8286637,95.0,0.0031585731283248824
2021,9,30,19,9,41,2.3656522,48.8286637,95.0,0.0
2021,9,30,20,12,6,2.3656522,48.8286637,95.0,0.0
2021,9,30,21,1,33,2.3656522,48.8286637,95.0,0.0
2021,9,30,21,3,41,2.3654769,48.828601,95.0,0.014619824460996087
2021,9,30,21,5,41,2.3654769,48.828601,95.0,0.0
2021,9,30,21,7,41,2.3654769,48.828601,95.0,0.0
2021,9,30,21,9,42,2.3654769,48.828601,95.0,0.0
2021,9,30,21,11,9,2.3654769,48.828601,95.0,0.0
2021,9,30,21,11,42,2.3654769,48.828601,95.0,0.0
2021,9,30,21,18,22,2.3654769,48.828601,95.0,0.0
2021,9,30,21,18,48,2.3655193,48.828626899999996,95.0,0.004238283994742512
2021,9,30,21,19,22,2.3655809,48.828659599999995,95.0,0.005799096116161115
2021,9,30,21,21,23,2.3655809,48.828659599999995,95.0,0.0
2021,9,30,21,23,23,2.3655809,48.828659599999995,95.0,0.0
2021,9,30,21,25,23,2.3655809,48.828659599999995,95.0,0.0
2021,9,30,21,27,23,2.3655809,48.828659599999995,95.0,0.0
2021,9,30,21,28,52,2.36558,48.828654,94.0,0.0006263490482413032
2021,9,30,21,29,38,2.36558,48.828654,94.0,0.0
2021,9,30,22,5,38,2.36558,48.828654,94.0,0.0
2021,9,30,22,41,17,2.3655299999999997,48.8286437,95.0,0.003839976947720642
2021,9,30,23,17,19,2.3655299999999997,48.8286437,95.0,0.0
2021,9,30,23,53,19,2.3655299999999997,48.8286437,95.0,0.0
2021,10,1,0,29,19,2.3655299999999997,48.8286437,95.0,0.0
2021,10,1,1,5,19,2.3655299999999997,48.8286437,95.0,0.0
2021,10,1,1,41,19,2.3655299999999997,48.8286437,95.0,0.0
2021,10,1,2,23,24,2.3654039,48.8286045,95.0,0.010219156819927869
2021,10,1,2,59,25,2.3654039,48.8286045,95.0,0.0
2021,10,1,3,15,21,2.3654251,48.8285853,95.0,0.002643047343851246
2021,10,1,3,39,53,2.3654251,48.8285853,95.0,0.0
2021,10,1,3,40,25,2.3654251,48.8285853,95.0,0.0
2021,10,1,3,40,46,2.3654251,48.8285853,95.0,0.0
2021,10,1,3,41,53,2.3654251,48.8285853,95.0,0.0
2021,10,1,3,47,10,2.3654251,48.8285853,95.0,0.0
2021,10,1,3,49,10,2.3654251,48.8285853,95.0,0.0
2021,10,1,3,50,54,2.3654821,48.8286181,95.0,0.005547872528435298
2021,10,1,3,51,26,2.3654821,48.8286181,95.0,0.0
2021,10,1,4,3,27,2.3654534,48.8286119,95.0,0.002214067482119105
2021,10,1,4,3,45,2.3654861,48.828616,95.0,0.0024393239942380133
2021,10,1,4,5,52,2.3654778999999997,48.8286173,95.0,0.000614977952189331
2021,10,1,4,7,52,2.3654778999999997,48.8286173,95.0,0.0
2021,10,1,4,9,0,2.365504,48.828628699999996,96.0,0.0022951763376465456
2021,10,1,4,11,2,2.365504,48.828628699999996,96.0,0.0
2021,10,1,4,13,2,2.365504,48.828628699999996,96.0,0.0
2021,10,1,4,15,2,2.365504,48.828628699999996,96.0,0.0
2021,10,1,4,15,21,2.365504,48.828628699999996,96.0,0.0
2021,10,1,4,25,4,2.365504,48.828628699999996,96.0,0.0
2021,10,1,4,27,13,2.3663602999999998,48.826052399999995,96.0,0.29357152203587544
2021,10,1,4,27,51,2.3653442,48.828748399999995,98.0,0.3092107972000286
2021,10,1,4,28,33,2.3650756000000004,48.8284415,92.0,0.039427980177816305
2021,10,1,4,44,20,2.362087,48.8211082,92.0,0.8451943640660006
2021,10,1,4,45,0,2.3603351,48.821144,92.0,0.12846297524999195
2021,10,1,4,45,40,2.3603351,48.821144,92.0,0.0
2021,10,1,4,46,20,2.3586614999999997,48.822121599999996,92.0,0.16397658406942708
2021,10,1,4,49,18,2.3603351,48.821144,92.0,0.16397658406942708
2021,10,1,4,56,9,2.3672293,48.7901942,92.0,3.482121617179886
2021,10,1,4,58,16,2.3670723,48.7883117,92.0,0.2098705344573447
2021,10,1,5,4,25,2.3638881,48.788529,144.0,0.2347796879672089
2021,10,1,5,5,2,2.3666798,48.7836058,144.0,0.5850367069445457
2021,10,1,5,5,23,2.3666798,48.7836058,144.0,0.0
2021,10,1,5,7,25,2.3646803,48.788531299999995,144.0,0.5675658565681989
2021,10,1,5,10,3,2.3667271999999997,48.7883417,143.0,0.15159664425794497
2021,10,1,5,14,16,2.3671773,48.7875108,142.0,0.09820761132274561
2021,10,1,5,20,2,2.3669864,48.7878052,142.0,0.03563720323516692
2021,10,1,5,34,43,2.363784,48.7887187,145.0,0.25593442007741307
2021,10,1,5,35,18,2.3638121,48.788742,145.0,0.003312909883027118
2021,10,1,5,35,58,2.3638110000000006,48.7887676,145.0,0.0028509792982468604
2021,10,1,5,40,5,2.3637105,48.789604399999995,146.0,0.09344130128455487
2021,10,1,5,50,0,2.3637106,48.7896232,146.0,0.0020930302105767753
2021,10,1,5,51,51,2.3636276,48.789603,147.0,0.00648934769568629
2021,10,1,5,52,35,2.3637194999999998,48.789614799999995,146.0,0.00686651883350956
2021,10,1,5,53,16,2.3636942999999997,48.789605699999996,146.0,0.0021082066261558243
2021,10,1,5,53,51,2.3636303,48.7895956,146.0,0.004826418318211343
2021,10,1,5,55,52,2.3636746,48.7896163,146.0,0.003983131295398258
2021,10,1,5,57,58,2.3636662999999998,48.7896012,146.0,0.001788752694075237
2021,10,1,6,0,0,2.3636735,48.7896011,146.0,0.0005275996967995604
2021,10,1,6,2,1,2.3637012,48.7896115,147.0,0.002337774091968344
2021,10,1,6,4,3,2.3637012,48.7896115,147.0,0.0
2021,10,1,6,7,56,2.3637677999999998,48.789620299999996,147.0,0.004981383883590238
2021,10,1,6,9,55,2.3636775,48.7898437,147.0,0.025734906790405746
2021,10,1,6,16,45,2.3636654999999998,48.7885749,145.0,0.1412418994123849
2021,10,1,6,53,54,2.3514917,48.788025999999995,150.0,0.8949209445739289
2021,10,1,6,54,37,2.3514599,48.788014499999996,150.0,0.002659526185953392
2021,10,1,6,56,38,2.3514507,48.7880608,151.0,0.005198026274454009
2021,10,1,6,57,38,2.3513911999999997,48.788076,151.0,0.0046804646339580576
2021,10,1,6,59,46,2.351431,48.7880396,151.0,0.004994105122336489
2021,10,1,7,12,46,2.3525405,48.786408699999996,151.0,0.1989495150233742
2021,10,1,7,15,25,2.3515623,48.7870515,148.0,0.10132748795926552
2021,10,1,7,16,56,2.3535383,48.7857598,148.0,0.2041536393077592
2021,10,1,7,47,42,2.412832,48.8473221,115.0,8.114926217846904
2021,10,1,7,48,22,2.412832,48.8473221,115.0,0.0
2021,10,1,7,49,3,2.4146126,48.858509,110.0,1.2521042957824366
2021,10,1,7,49,43,2.4127818999999997,48.8631841,110.0,0.5374107536952153
2021,10,1,7,50,22,2.4203143,48.8643948,110.0,0.5678241245367385
2021,10,1,7,52,27,2.4460965999999997,48.877426799999995,110.0,2.380791445404768
2021,10,1,7,54,28,2.4460965999999997,48.877426799999995,110.0,0.0
2021,10,1,7,56,30,2.4799436999999998,48.914318800000004,115.0,4.795913202302553
2021,10,1,7,58,29,2.4799436999999998,48.914318800000004,115.0,0.0
2021,10,1,8,3,30,2.4732089999999998,48.9595244,115.0,5.056195735412386
2021,10,1,8,5,30,2.4929405,48.9748654,115.0,2.2350655403893085
2021,10,1,8,8,3,2.4799436999999998,48.914318800000004,115.0,6.806525535138012
2021,10,1,8,13,5,2.4799436999999998,48.914318800000004,115.0,0.0
2021,10,1,8,26,9,2.5683716,49.134312699999995,115.0,25.325465685944692
2021,10,1,8,32,38,2.5683716,49.134312699999995,115.0,0.0
2021,10,1,8,36,4,2.5683716,49.134312699999995,115.0,0.0
2021,10,1,8,41,5,2.5706235,49.136687599999995,112.0,0.31110943817540376
2021,10,1,8,43,7,2.5706811,49.1366233,112.0,0.00829652453753655
2021,10,1,8,45,8,2.5722942,49.136013999999996,113.0,0.13565591826493756
2021,10,1,8,47,8,2.572063,49.135519599999995,115.0,0.057553495956347796
2021,10,1,11,32,51,2.5735327999999997,49.1335726,116.0,0.24173026988800184
2021,10,1,15,49,40,2.5688717999999997,49.1324804,113.0,0.36059983013859886
2021,10,1,15,50,20,2.5688548,49.1325215,113.0,0.0047391679980202635
2021,10,1,15,51,21,2.5688557999999997,49.132509899999995,113.0,0.0012941732823547913
2021,10,1,15,52,1,2.568861,49.1324943,113.0,0.0017776232722247812
2021,10,1,15,54,2,2.5688568999999997,49.132513499999995,113.0,0.0021585644521135063
2021,10,1,15,59,5,2.5688622999999997,49.1324943,113.0,0.0021737387633047798
2021,10,1,16,44,29,2.5688608,49.1324924,113.0,0.00023825147455834827
2021,10,1,17,16,30,2.5688606999999997,49.1324926,113.0,0.0
2021,10,1,17,18,1,2.5689246,49.1323964,113.0,0.011676479844604046
2021,10,1,17,57,40,2.5688606999999997,49.1324926,113.0,0.011676479844604046
2021,10,1,17,59,45,2.5688543999999998,49.132497400000005,113.0,0.000705592806287361
2021,10,1,18,1,46,2.5688616,49.1324944,113.0,0.000618829867212336
2021,10,1,18,11,1,2.5715222,49.134654999999995,117.0,0.30886559900215316
2021,10,1,18,13,1,2.5707807,49.1366234,113.0,0.22567359256662964
2021,10,1,18,18,3,2.5654185,49.1346476,113.0,0.4482108512092156
2021,10,1,18,20,12,2.5706823,49.1366575,112.0,0.44388142138102066
2021,10,1,18,23,1,2.5705915999999998,49.1366605,112.0,0.0066139634492818474
2021,10,1,19,17,5,2.4007981,48.829127199999995,97.0,36.41172787052026
2021,10,1,19,17,44,2.395346,48.828285699999995,97.0,0.41037183213049533
2021,10,1,19,18,24,2.3934363999999997,48.8268689,89.0,0.2108490308038048
2021,10,1,19,19,4,2.3909789999999997,48.826489099999996,89.0,0.1849851796557143
2021,10,1,19,43,23,2.3517628999999998,48.7869451,149.0,5.257658300165514
2021,10,1,19,43,37,2.3516266999999997,48.7869399,149.0,0.010005983730689278
2021,10,1,19,43,52,2.35163,48.7869392,149.0,0.0002604755662882535
2021,10,1,19,44,8,2.3517607,48.7869351,149.0,0.009596686010503364
2021,10,1,19,44,25,2.351828,48.786935899999996,149.0,0.004937016096316831
2021,10,1,19,56,44,2.3673962000000004,48.787990799999996,150.0,1.1478212276046058
2021,10,1,19,58,46,2.3673862999999997,48.7920768,150.0,0.45484225003794515
2021,10,1,20,0,47,2.3672293,48.7901942,150.0,0.2098816144147109
2021,10,1,20,2,54,2.3640467,48.8022308,150.0,1.360052013741498
2021,10,1,20,11,25,2.3607172999999997,48.826247699999996,99.0,2.6846079378039924
2021,10,1,20,26,39,2.3655625,48.828599,94.0,0.4411168634639044
2021,10,1,20,27,2,2.3654354,48.828577499999994,93.0,0.009616630751621513
2021,10,1,20,29,4,2.3654354,48.828577499999994,93.0,0.0
2021,10,1,20,31,4,2.3654354,48.828577499999994,93.0,0.0
2021,10,1,20,33,4,2.3654354,48.828577499999994,93.0,0.0
2021,10,1,20,35,4,2.3654354,48.828577499999994,93.0,0.0
2021,10,1,20,37,4,2.3654354,48.828577499999994,93.0,0.0
2021,10,1,20,39,4,2.3654354,48.828577499999994,93.0,0.0
2021,10,1,20,41,4,2.3654354,48.828577499999994,93.0,0.0
2021,10,1,20,43,4,2.3654354,48.828577499999994,93.0,0.0
2021,10,1,20,43,22,2.3654354,48.828577499999994,93.0,0.0
2021,10,1,20,45,4,2.3654354,48.828577499999994,93.0,0.0
2021,10,1,21,51,12,2.3654354,48.828577499999994,93.0,0.0
2021,10,1,23,43,2,2.3654354,48.828577499999994,93.0,0.0
2021,10,1,23,43,19,2.3654376999999998,48.828595799999995,94.0,0.002042873273394659
2021,10,2,3,29,53,2.3654129999999998,48.8285973,94.0,0.0018175604661589122
2021,10,2,6,7,9,2.365439,48.8285838,95.0,0.002426286288747228
2021,10,2,6,39,45,2.3655280999999997,48.8286464,96.0,0.00954942653275168
2021,10,2,6,55,15,2.3655203,48.828631599999994,95.0,0.0017420276033953523
2021,10,2,7,31,16,2.3655203,48.828631599999994,95.0,0.0
2021,10,2,7,44,56,2.3655203,48.828631599999994,95.0,0.0
2021,10,2,7,46,56,2.3655203,48.828631599999994,95.0,0.0
2021,10,2,7,48,56,2.3655203,48.828631599999994,95.0,0.0
2021,10,2,7,50,56,2.3655203,48.828631599999994,95.0,0.0
2021,10,2,7,52,56,2.3655203,48.828631599999994,95.0,0.0
2021,10,2,7,54,56,2.3655203,48.828631599999994,95.0,0.0
2021,10,2,7,55,18,2.3655203,48.828631599999994,95.0,0.0
2021,10,2,7,56,56,2.3655203,48.828631599999994,95.0,0.0
2021,10,2,8,19,47,2.3655203,48.828631599999994,95.0,0.0
2021,10,2,8,21,47,2.3655203,48.828631599999994,95.0,0.0
2021,10,2,8,23,47,2.3655203,48.828631599999994,95.0,0.0
2021,10,2,8,25,47,2.3655203,48.828631599999994,95.0,0.0
2021,10,2,8,27,47,2.3655203,48.828631599999994,95.0,0.0
2021,10,2,8,29,17,2.3655203,48.828631599999994,95.0,0.0
2021,10,2,8,29,47,2.3655203,48.828631599999994,95.0,0.0
2021,10,2,8,33,53,2.3656374,48.8286533,96.0,0.008914834313168475
2021,10,2,8,53,46,2.3656374,48.8286533,96.0,0.0
2021,10,2,9,14,11,2.3656374,48.8286533,96.0,0.0
2021,10,2,9,16,24,2.365392,48.828596499999996,95.0,0.01906245358151069
2021,10,2,9,34,50,2.365392,48.828596499999996,95.0,0.0
2021,10,2,9,36,50,2.365392,48.828596499999996,95.0,0.0
2021,10,2,9,38,57,2.365392,48.828596499999996,95.0,0.0
2021,10,2,9,40,57,2.365392,48.828596499999996,95.0,0.0
2021,10,2,9,45,1,2.365392,48.828596499999996,95.0,0.0
2021,10,2,9,48,27,2.3656067,48.8286625,95.0,0.01736440607429149
2021,10,2,9,50,27,2.3656067,48.8286625,95.0,0.0
2021,10,2,9,52,27,2.3656067,48.8286625,95.0,0.0
2021,10,2,9,54,27,2.3656067,48.8286625,95.0,0.0
2021,10,2,9,56,27,2.3656067,48.8286625,95.0,0.0
2021,10,2,9,58,27,2.3656067,48.8286625,95.0,0.0
2021,10,2,10,0,7,2.3656067,48.8286625,95.0,0.0
2021,10,2,10,0,27,2.3656067,48.8286625,95.0,0.0
2021,10,2,10,1,11,2.3656067,48.8286625,95.0,0.0
2021,10,2,10,15,15,2.3655597,48.8286492,95.0,0.0037491041389485953
2021,10,2,10,17,16,2.3655597,48.8286492,95.0,0.0
2021,10,2,10,19,16,2.3655597,48.8286492,95.0,0.0
2021,10,2,10,21,16,2.3655597,48.8286492,95.0,0.0
2021,10,2,10,23,16,2.3655597,48.8286492,95.0,0.0
2021,10,2,10,32,46,2.3657521999999997,48.8288272,95.0,0.024322985635995515
2021,10,2,10,36,47,2.3657521999999997,48.8288272,95.0,0.0
2021,10,2,10,38,47,2.3657521999999997,48.8288272,95.0,0.0
2021,10,2,10,40,47,2.3657521999999997,48.8288272,95.0,0.0
2021,10,2,10,42,47,2.3657521999999997,48.8288272,95.0,0.0
2021,10,2,10,44,47,2.3657521999999997,48.8288272,95.0,0.0
2021,10,2,10,46,31,2.3657521999999997,48.8288272,95.0,0.0
2021,10,2,10,46,47,2.3657521999999997,48.8288272,95.0,0.0
2021,10,2,10,48,38,2.3656363000000002,48.828666299999995,96.0,0.019822588527310107
2021,10,2,11,9,9,2.3654649,48.8286166,95.0,0.013725037598652174
2021,10,2,11,29,6,2.3655906,48.8286549,95.0,0.010150064285897719
2021,10,2,11,45,55,2.3655906,48.8286549,95.0,0.0
2021,10,2,11,47,55,2.3655906,48.8286549,95.0,0.0
2021,10,2,11,49,55,2.3655906,48.8286549,95.0,0.0
2021,10,2,11,51,55,2.3655906,48.8286549,95.0,0.0
2021,10,2,11,53,55,2.3655906,48.8286549,95.0,0.0
2021,10,2,11,55,55,2.3655906,48.8286549,95.0,0.0
2021,10,2,11,57,18,2.3655906,48.8286549,95.0,0.0
2021,10,2,11,57,55,2.3655906,48.8286549,95.0,0.0
2021,10,2,12,1,52,2.3655141,48.8286289,96.0,0.006308925331429843
2021,10,2,12,4,46,2.3655141,48.8286289,96.0,0.0
2021,10,2,12,6,46,2.3655141,48.8286289,96.0,0.0
2021,10,2,12,7,34,2.3655141,48.8286289,96.0,0.0
2021,10,2,12,7,54,2.3655141,48.8286289,96.0,0.0
2021,10,2,12,12,42,2.3655141,48.8286289,96.0,0.0
2021,10,2,12,13,3,2.3655141,48.8286289,96.0,0.0
2021,10,2,12,14,42,2.3655141,48.8286289,96.0,0.0
2021,10,2,12,17,9,2.3655141,48.8286289,96.0,0.0
2021,10,2,12,19,9,2.3655141,48.8286289,96.0,0.0
2021,10,2,12,21,9,2.3655141,48.8286289,96.0,0.0
2021,10,2,12,23,9,2.3655141,48.8286289,96.0,0.0
2021,10,2,12,25,9,2.3655141,48.8286289,96.0,0.0
2021,10,2,12,26,36,2.3655141,48.8286289,96.0,0.0
2021,10,2,12,27,9,2.3655141,48.8286289,96.0,0.0
2021,10,2,12,27,26,2.3655141,48.8286289,96.0,0.0
2021,10,2,12,29,48,2.3655361999999998,48.8286175,95.0,0.002056816846024653
2021,10,2,12,31,49,2.3655426,48.828657299999996,95.0,0.004454985037240122
2021,10,2,12,33,50,2.3655375,48.828646,96.0,0.0013121027100670367
2021,10,2,12,35,51,2.3656155,48.828666299999995,95.0,0.006146026097612207
2021,10,2,12,37,52,2.3655312,48.8286367,95.0,0.007001384175432769
2021,10,2,12,39,54,2.3655312,48.8286367,95.0,0.0
2021,10,2,12,41,54,2.3655312,48.8286367,95.0,0.0
2021,10,2,12,44,10,2.3655418999999998,48.8286315,95.0,0.0009740521347329569
2021,10,2,12,46,10,2.3655418999999998,48.8286315,95.0,0.0
2021,10,2,12,48,1,2.3655418999999998,48.8286315,95.0,0.0
2021,10,2,12,51,55,2.3655418999999998,48.8286315,95.0,0.0
2021,10,2,12,53,55,2.3655418999999998,48.8286315,95.0,0.0
2021,10,2,12,55,55,2.3655418999999998,48.8286315,95.0,0.0
2021,10,2,12,57,55,2.3655418999999998,48.8286315,95.0,0.0
2021,10,2,12,59,56,2.3655418999999998,48.8286315,95.0,0.0
2021,10,2,13,1,21,2.3655418999999998,48.8286315,95.0,0.0
2021,10,2,13,1,56,2.3655418999999998,48.8286315,95.0,0.0
2021,10,2,13,8,4,2.3656097,48.8286547,95.0,0.005599172737701799
2021,10,2,13,44,5,2.3656097,48.8286547,95.0,0.0
2021,10,2,14,20,6,2.3656097,48.8286547,95.0,0.0
2021,10,2,14,56,6,2.3656097,48.8286547,95.0,0.0
2021,10,2,15,19,36,2.3656097,48.8286547,95.0,0.0
2021,10,2,15,20,57,2.3656097,48.8286547,95.0,0.0
2021,10,2,15,21,36,2.3656097,48.8286547,95.0,0.0
2021,10,2,15,25,44,2.3656097,48.8286547,95.0,0.0
2021,10,2,15,27,5,2.3656097,48.8286547,95.0,0.0
2021,10,2,15,27,44,2.3656097,48.8286547,95.0,0.0
2021,10,2,15,52,6,2.3655755,48.828661499999995,95.0,0.002617592567052407
2021,10,2,16,19,33,2.3655755,48.828661499999995,95.0,0.0
2021,10,2,16,21,33,2.3655755,48.828661499999995,95.0,0.0
2021,10,2,16,23,33,2.3655755,48.828661499999995,95.0,0.0
2021,10,2,16,25,33,2.3655755,48.828661499999995,95.0,0.0
2021,10,2,16,27,33,2.3655755,48.828661499999995,95.0,0.0
2021,10,2,16,29,33,2.3655755,48.828661499999995,95.0,0.0
2021,10,2,16,31,33,2.3655755,48.828661499999995,95.0,0.0
2021,10,2,16,32,4,2.3656455,48.828671799999995,96.0,0.005256603444559812
2021,10,2,16,33,39,2.3656455,48.828671799999995,96.0,0.0
2021,10,2,16,35,15,2.3656455,48.828671799999995,96.0,0.0
2021,10,2,16,37,9,2.3656455,48.828671799999995,96.0,0.0
2021,10,2,16,39,10,2.3656455,48.828671799999995,96.0,0.0
2021,10,2,16,41,10,2.3656455,48.828671799999995,96.0,0.0
2021,10,2,16,43,10,2.3656455,48.828671799999995,96.0,0.0
2021,10,2,16,45,16,2.3655347,48.828642599999995,96.0,0.008746184542696357
2021,10,2,16,47,16,2.3655347,48.828642599999995,96.0,0.0
2021,10,2,16,49,33,2.3655347,48.828642599999995,96.0,0.0
2021,10,2,16,59,29,2.3655347,48.828642599999995,96.0,0.0
2021,10,2,17,0,33,2.3655347,48.828642599999995,96.0,0.0
2021,10,2,17,1,30,2.3655347,48.828642599999995,96.0,0.0
2021,10,2,17,3,26,2.3656414999999997,48.8286686,95.0,0.008344276705887969
2021,10,2,17,6,56,2.3655282,48.8286362,96.0,0.009052335351279977
2021,10,2,17,7,13,2.3659136999999997,48.8286598,96.0,0.02837192172933568
2021,10,2,17,10,12,2.3659136999999997,48.8286598,96.0,0.0
2021,10,2,17,11,30,2.3659136999999997,48.8286598,96.0,0.0
2021,10,2,17,12,12,2.3659136999999997,48.8286598,96.0,0.0
2021,10,2,17,23,25,2.3659136999999997,48.8286598,96.0,0.0
2021,10,2,17,25,32,2.3656458,48.8286376,95.0,0.019787013695142307
2021,10,2,17,27,32,2.3656458,48.8286376,95.0,0.0
2021,10,2,17,29,32,2.3656458,48.8286376,95.0,0.0
2021,10,2,17,31,32,2.3656458,48.8286376,95.0,0.0
2021,10,2,17,34,18,2.3656458,48.8286376,95.0,0.0
2021,10,2,17,38,40,2.3656458,48.8286376,95.0,0.0
2021,10,2,17,39,55,2.3656413,48.828666600000005,96.0,0.0032454801387084556
2021,10,2,17,40,46,2.3656413,48.828666600000005,96.0,0.0
2021,10,2,17,42,0,2.3656413,48.828666600000005,96.0,0.0
2021,10,2,17,43,18,2.3656413,48.828666600000005,96.0,0.0
2021,10,2,17,45,18,2.3656413,48.828666600000005,96.0,0.0
2021,10,2,17,47,19,2.3656413,48.828666600000005,96.0,0.0
2021,10,2,17,49,19,2.3656413,48.828666600000005,96.0,0.0
2021,10,2,17,51,31,2.3656413,48.828666600000005,96.0,0.0
2021,10,2,17,56,56,2.3656413,48.828666600000005,96.0,0.0
2021,10,2,17,57,18,2.3654528,48.828612899999996,95.0,0.015051514738896895
2021,10,2,17,59,47,2.3654528,48.828612899999996,95.0,0.0
2021,10,2,18,1,47,2.3654528,48.828612899999996,95.0,0.0
2021,10,2,18,3,58,2.3654528,48.828612899999996,95.0,0.0
2021,10,2,18,55,36,2.3654528,48.828612899999996,95.0,0.0
2021,10,2,20,47,31,2.3654528,48.828612899999996,95.0,0.0
2021,10,2,20,49,23,2.3656086,48.82864070000001,97.0,0.011829068069379656
2021,10,2,20,54,25,2.3656086,48.82864070000001,97.0,0.0
2021,10,2,20,56,25,2.3656086,48.82864070000001,97.0,0.0
2021,10,2,20,58,25,2.3656086,48.82864070000001,97.0,0.0
2021,10,2,21,0,25,2.3656086,48.82864070000001,97.0,0.0
2021,10,2,21,1,3,2.36545,48.8286084,95.0,0.012165797533866164
2021,10,2,21,1,27,2.3655711999999998,48.8286581,95.0,0.010464030205442896
2021,10,2,21,3,29,2.3655711999999998,48.8286581,95.0,0.0
2021,10,2,21,4,27,2.3655711999999998,48.8286581,95.0,0.0
2021,10,2,21,5,29,2.3655711999999998,48.8286581,95.0,0.0
2021,10,2,21,15,32,2.3655711999999998,48.8286581,95.0,0.0
2021,10,2,21,17,32,2.3655711999999998,48.8286581,95.0,0.0
2021,10,2,21,23,18,2.3654568,48.8286102,95.0,0.009935544744534248
2021,10,2,21,38,31,2.3654568,48.8286102,95.0,0.0
2021,10,2,21,40,31,2.3654568,48.8286102,95.0,0.0
2021,10,2,22,6,7,2.3654568,48.8286102,95.0,0.0
2021,10,2,22,8,7,2.3654568,48.8286102,95.0,0.0
2021,10,2,22,11,20,2.3654271,48.8286076,95.0,0.0021949541667918918
2021,10,2,22,47,22,2.3654271,48.8286076,95.0,0.0
2021,10,2,23,23,22,2.3654271,48.8286076,95.0,0.0
2021,10,3,0,51,37,2.3654271,48.8286076,95.0,0.0
2021,10,3,6,41,1,2.3654113,48.8285815,95.0,0.0031279655231965364
2021,10,3,7,1,38,2.3655106999999997,48.8286326,95.0,0.009242045548488434
2021,10,3,7,30,54,2.3655125999999997,48.828638299999994,95.0,0.0006527144278515813
2021,10,3,7,31,13,2.3655131,48.8286463,93.0,0.000891550532464798
2021,10,3,7,31,30,2.36552,48.828644399999995,93.0,0.0005473609542891163
2021,10,3,7,31,49,2.3654942,48.828618399999996,92.0,0.0034564544034140342
2021,10,3,7,32,4,2.3655683,48.828674299999996,93.0,0.008258949066042517
2021,10,3,7,32,20,2.3655235,48.8286558,93.0,0.0038758031656654173
2021,10,3,7,32,37,2.3655038999999998,48.8286473,94.0,0.0017196371884966625
2021,10,3,7,32,52,2.3654523999999997,48.8286149,92.0,0.005220311238016569
2021,10,3,7,33,9,2.3654628000000004,48.8286284,92.0,0.0016844808342620073
2021,10,3,7,33,26,2.3654628000000004,48.8286284,92.0,0.0
2021,10,3,7,35,11,2.3654628000000004,48.8286284,92.0,0.0
2021,10,3,7,37,11,2.3654628000000004,48.8286284,92.0,0.0
2021,10,3,7,39,11,2.3654628000000004,48.8286284,92.0,0.0
2021,10,3,7,41,11,2.3654628000000004,48.8286284,92.0,0.0
2021,10,3,7,43,11,2.3654628000000004,48.8286284,92.0,0.0
2021,10,3,7,45,11,2.3654628000000004,48.8286284,92.0,0.0
2021,10,3,7,47,12,2.3654628000000004,48.8286284,92.0,0.0
2021,10,3,7,49,12,2.3654628000000004,48.8286284,92.0,0.0
2021,10,3,7,51,12,2.3654628000000004,48.8286284,92.0,0.0
2021,10,3,7,53,12,2.3654628000000004,48.8286284,92.0,0.0
2021,10,3,7,55,12,2.3654628000000004,48.8286284,92.0,0.0
2021,10,3,7,56,58,2.3654628000000004,48.8286284,92.0,0.0
2021,10,3,7,59,12,2.3654628000000004,48.8286284,92.0,0.0
2021,10,3,8,1,12,2.3654628000000004,48.8286284,92.0,0.0
2021,10,3,8,3,12,2.3654628000000004,48.8286284,92.0,0.0
2021,10,3,8,5,12,2.3654628000000004,48.8286284,92.0,0.0
2021,10,3,8,7,12,2.3654628000000004,48.8286284,92.0,0.0
2021,10,3,8,9,12,2.3654628000000004,48.8286284,92.0,0.0
2021,10,3,8,11,12,2.3654628000000004,48.8286284,92.0,0.0
2021,10,3,8,13,12,2.3654628000000004,48.8286284,92.0,0.0
2021,10,3,8,15,12,2.3654628000000004,48.8286284,92.0,0.0
2021,10,3,8,17,12,2.3654628000000004,48.8286284,92.0,0.0
2021,10,3,8,19,13,2.3654628000000004,48.8286284,92.0,0.0
2021,10,3,8,21,13,2.3654628000000004,48.8286284,92.0,0.0
2021,10,3,8,23,13,2.3654628000000004,48.8286284,92.0,0.0
2021,10,3,8,25,13,2.3654628000000004,48.8286284,92.0,0.0
2021,10,3,8,27,13,2.3654628000000004,48.8286284,92.0,0.0
2021,10,3,8,29,13,2.3654628000000004,48.8286284,92.0,0.0
2021,10,3,8,31,13,2.3654628000000004,48.8286284,92.0,0.0
2021,10,3,8,32,42,2.3654628000000004,48.8286284,92.0,0.0
2021,10,3,8,33,13,2.3654628000000004,48.8286284,92.0,0.0
2021,10,3,8,35,13,2.3654628000000004,48.8286284,92.0,0.0
2021,10,3,8,37,23,2.3656219,48.828617099999995,94.0,0.011726685115025158
2021,10,3,8,39,23,2.3656219,48.828617099999995,94.0,0.0
2021,10,3,8,41,23,2.3656219,48.828617099999995,94.0,0.0
2021,10,3,8,42,4,2.3656219,48.828617099999995,94.0,0.0
2021,10,3,8,43,23,2.3656219,48.828617099999995,94.0,0.0
2021,10,3,8,47,10,2.3656219,48.828617099999995,94.0,0.0
2021,10,3,8,49,10,2.3656219,48.828617099999995,94.0,0.0
2021,10,3,8,49,52,2.3656219,48.828617099999995,94.0,0.0
2021,10,3,8,52,10,2.3654671,48.8286103,96.0,0.011368989340762652
2021,10,3,8,55,39,2.3654671,48.8286103,96.0,0.0
2021,10,3,8,57,39,2.3654671,48.8286103,96.0,0.0
2021,10,3,8,59,40,2.3654671,48.8286103,96.0,0.0
2021,10,3,9,1,31,2.3654671,48.8286103,96.0,0.0
2021,10,3,9,1,56,2.3654671,48.8286103,96.0,0.0
2021,10,3,9,3,14,2.3654671,48.8286103,96.0,0.0
2021,10,3,9,5,34,2.3654617,48.8286258,96.0,0.001771246256609156
2021,10,3,9,6,2,2.3654617,48.8286258,96.0,0.0
2021,10,3,9,14,26,2.3654729,48.8286209,95.0,0.0009855785160076509
2021,10,3,9,16,28,2.3654729,48.8286209,95.0,0.0
2021,10,3,9,18,28,2.3654729,48.8286209,95.0,0.0
2021,10,3,9,20,28,2.3654729,48.8286209,95.0,0.0
2021,10,3,9,22,28,2.3654729,48.8286209,95.0,0.0
2021,10,3,9,24,28,2.3654729,48.8286209,95.0,0.0
2021,10,3,9,26,28,2.3654729,48.8286209,95.0,0.0
2021,10,3,9,28,28,2.3654729,48.8286209,95.0,0.0
2021,10,3,9,30,29,2.3654729,48.8286209,95.0,0.0
2021,10,3,9,31,18,2.3655425,48.8297576,95.0,0.12663691949165345
2021,10,3,9,31,58,2.3654246999999997,48.828744099999994,95.0,0.11314966975288258
2021,10,3,9,32,38,2.3653625,48.82863,92.0,0.013494405038587792
2021,10,3,9,33,51,2.3649763,48.828180499999995,93.0,0.057486359273417935
2021,10,3,9,48,5,2.3555854,48.828498499999995,104.0,0.6890934130937423
2021,10,3,10,9,35,2.3557311,48.829100000000004,104.0,0.06780315866454018
2021,10,3,10,10,14,2.3553248,48.8288029,105.0,0.044500268857850474
2021,10,3,10,12,14,2.355248,48.8287912,108.0,0.005777016347437182
2021,10,3,10,45,53,2.36033,48.8261037,101.0,0.4777031781670574
2021,10,3,10,46,18,2.360398,48.8262113,99.0,0.012973032286701483
2021,10,3,11,0,19,2.3656213,48.8286496,96.0,0.46924647720948304
2021,10,3,11,2,20,2.3655361,48.828613999999995,95.0,0.007395133844259123
2021,10,3,11,3,45,2.3656383,48.8286671,95.0,0.009540882971065546
2021,10,3,11,4,12,2.3655333,48.8286276,95.0,0.00886206265515091
2021,10,3,11,6,13,2.3654208,48.8286028,95.0,0.00869429116397213
2021,10,3,11,8,15,2.3654982,48.8286066,95.0,0.005688043310083335
2021,10,3,11,10,23,2.3655782999999997,48.8286492,95.0,0.00754627676205342
2021,10,3,11,12,24,2.3655803,48.8286437,95.0,0.0006244245421394379
2021,10,3,11,14,26,2.3655803,48.8286437,95.0,0.0
2021,10,3,11,15,24,2.3655803,48.8286437,95.0,0.0
2021,10,3,11,16,26,2.3655803,48.8286437,95.0,0.0
2021,10,3,11,30,54,2.3655803,48.8286437,95.0,0.0
2021,10,3,11,32,54,2.3655803,48.8286437,95.0,0.0
2021,10,3,11,38,57,2.3656462,48.828663,95.0,0.00528565058517893
2021,10,3,11,46,28,2.3656462,48.828663,95.0,0.0
2021,10,3,11,48,28,2.3656462,48.828663,95.0,0.0
2021,10,3,11,50,28,2.3656462,48.828663,95.0,0.0
2021,10,3,11,52,28,2.3656462,48.828663,95.0,0.0
2021,10,3,11,54,28,2.3656462,48.828663,95.0,0.0
2021,10,3,11,55,49,2.3656462,48.828663,95.0,0.0
2021,10,3,11,56,28,2.3656462,48.828663,95.0,0.0
2021,10,3,11,58,41,2.3655558,48.828654099999994,96.0,0.006698491526401759
2021,10,3,12,11,48,2.3655558,48.828654099999994,96.0,0.0
2021,10,3,12,13,49,2.3655558,48.828654099999994,96.0,0.0
2021,10,3,12,21,19,2.3655558,48.828654099999994,96.0,0.0
2021,10,3,12,23,19,2.3655558,48.828654099999994,96.0,0.0
2021,10,3,12,32,0,2.3655965,48.828660299999996,97.0,0.0030614415859703216
2021,10,3,13,18,23,2.3655965,48.828660299999996,97.0,0.0
2021,10,3,13,20,45,2.3655965,48.828660299999996,97.0,0.0
2021,10,3,13,38,20,2.3655965,48.828660299999996,97.0,0.0
2021,10,3,13,39,33,2.3656528999999997,48.8286686,95.0,0.004235667581893953
2021,10,3,13,40,34,2.3656528999999997,48.8286686,95.0,0.0
2021,10,3,13,41,3,2.3656528999999997,48.8286686,95.0,0.0
2021,10,3,13,48,46,2.3656102999999997,48.828666899999995,95.0,0.0031278081003418626
2021,10,3,13,50,49,2.3656102999999997,48.828666899999995,95.0,0.0
2021,10,3,14,43,39,2.3656102999999997,48.828666899999995,95.0,0.0
2021,10,3,14,45,1,2.3656102999999997,48.828666899999995,95.0,0.0
2021,10,3,14,45,39,2.3656102999999997,48.828666899999995,95.0,0.0
2021,10,3,15,11,45,2.3656102999999997,48.828666899999995,95.0,0.0
2021,10,3,15,13,3,2.3656102999999997,48.828666899999995,95.0,0.0
2021,10,3,15,13,45,2.3656102999999997,48.828666899999995,95.0,0.0
2021,10,3,15,14,54,2.3656102999999997,48.828666899999995,95.0,0.0
2021,10,3,15,22,16,2.3656251999999998,48.828676099999996,96.0,0.0014972271376755334
